epsilon,num_ensemble,query_budget,alpha,p,ppl
2,32,1024,9,0.03125,38.11
4,32,1024,5,0.03125,36.45
6,32,1024,4,0.03125,32.41
8,32,1024,3,0.03125,30.81
10,32,1024,3,0.03125,30.33
8,32,512,3,0.03125,30.13
8,32,1024,3,0.03125,30.81
8,32,2048,3,0.03125,31.56
8,32,4096,3,0.03125,32.33
8,8,1024,3,0.125,32.91
8,16,1024,3,0.0625,31.37
8,32,1024,3,0.03125,30.81
8,64,1024,3,0.015625,33.89
8,32,1024,3,0.03125,30.81
